I do not know,0.009865151497876062
at the same time,0.00970926292451253
the end of the,0.009139563649727728
at the end of,0.007870275075506635
in the United States,0.007685775637577487
on the other hand,0.0074969305723732275
in the case of,0.006531356552502587
the rest of the,0.006055740501137816
as well as the,0.005486167520093248
did not want to,0.005228375614914328
one of the most,0.004844934909533771
for the first time,0.004688293064172926
as a result of,0.004637509509266122
do not want to,0.004617759974820912
I do not think,0.004347262919374341
I do not want,0.004187711266238479
in the middle of,0.00395784655551137
"for example , the",0.0039174510817180375
in whole or in,0.003858117721250073
on the basis of,0.0038082204677469633
whole or in part,0.0038046331642187744
in the form of,0.0037591550690128693
May not be copied,0.0036035011213534193
I 'm going to,0.003594214321654798
is one of the,0.003542908191316177
"be copied , scanned",0.0035371716489819424
"or duplicated , in",0.003507796286308769
Due to electronic rights,0.0035073270349006065
"duplicated , in whole",0.003489376484621857
"scanned , or duplicated",0.0034786684593664566
in the context of,0.0034602812133992496
be suppressed from the,0.0034559086434595545
some third party content,0.0034557368839728347
may be suppressed from,0.0034536791379652706
content may be suppressed,0.003449989676833869
party content may be,0.0034343314982667648
third party content may,0.003427234351371064
of the United States,0.003408080923379764
"rights , some third",0.0033826930750649473
suppressed from the eBook,0.0033729639666227468
"electronic rights , some",0.0033668794148709754
from the eBook and,0.0033565137859779904
it is important to,0.003289514114824999
in front of the,0.003198120667419219
the middle of the,0.003162409849430341
to be able to,0.003049243361208029
if you do not,0.003010623296749646
at the time of,0.0030079958256472436
the top of the,0.0029906666405704507
the fact that the,0.0027760851563283255
I did not know,0.0026688095694560906
do not know what,0.0025672020456456077
the edge of the,0.002553970952113066
can be used to,0.0024775054248030756
the back of the,0.0024459679132970776
do not have to,0.0024387259495792404
was one of the,0.002392635470059573
the beginning of the,0.002389667286511292
on the other side,0.0022953219334170835
you do not have,0.0022809137822255507
the nature of the,0.0022522147926945252
Parallel Bible Halseth English,0.0022419221335181205
at the beginning of,0.002213539158990439
the other side of,0.002164250921968019
in terms of the,0.0021641055438403707
on the one hand,0.0021430245927203267
for a long time,0.002139880720546741
the side of the,0.0021337754004910198
in addition to the,0.002070742475392435
in the presence of,0.0020667038822324724
with respect to the,0.002040925365281195
but I do not,0.0020327516344131793
in the absence of,0.002024117071719683
in the first place,0.0020239952684235453
the bottom of the,0.002013244583949221
I did not want,0.0019990547806019165
not be able to,0.0019924880674152034
at the University of,0.0019899307595018204
"New York , NY",0.00197525767210855
the name of the,0.0019544332376075614
"for example , in",0.001922091375302644
it is possible to,0.0018859623847072094
a member of the,0.0018795550822859484
as part of the,0.0018763309434241243
in the face of,0.001834608543400055
was not going to,0.0018297571798584905
in the course of,0.0018183901819318188
by the end of,0.001817393864647742
if you want to,0.001797718983835649
in a way that,0.0017939150163797676
the size of the,0.001786674175272955
and I do not,0.0017847298129788464
for the purpose of,0.0017829819076139927
when it comes to,0.0017790078645879281
on the part of,0.0017607918168019287
I do not have,0.0017583972874870711
a great deal of,0.001757029947259459
other side of the,0.00173682238751633
at the top of,0.001736404776215286
in the midst of,0.001731699352106882
in the same way,0.0017278555319596377
the United States and,0.001717250786918474
the center of the,0.0017136045463115085
in accordance with the,0.001703072770986925
the time of the,0.0017028690170860124
"In addition , the",0.001701072839447113
a wide range of,0.0016957965676328466
you 're going to,0.0016886416062693937
"for example , a",0.0016786705751514542
for the sake of,0.001671226541449241
he was going to,0.0016469422197713229
the extent to which,0.001646906296218545
the use of the,0.0016434626869014676
"that is , the",0.0016260448155537542
he did not want,0.0016259617423379552
did not know what,0.001619000431376196
as shown in Figure,0.0015714690806068242
that there is a,0.0015509157566682072
in relation to the,0.0015481238230507432
but he did not,0.00153961499279197
the value of the,0.0015353316704287074
as well as a,0.0015141300386235501
I 'm not sure,0.0015049762683313097
for the rest of,0.0015009859474453926
a large number of,0.0014954279002640236
she did not want,0.0014844790749439084
in the name of,0.0014799207128796893
the role of the,0.0014796299566243924
I want you to,0.0014767409171533253
you do not know,0.001476674683102891
a result of the,0.0014689803071422562
do not know how,0.0014688270707374376
"in fact , the",0.0014643282070575072
to the fact that,0.0014604445342188996
the case of the,0.0014562712277360196
was going to be,0.001446278305703106
he did not know,0.0014374192208047474
in front of him,0.0014334940113582405
you do not want,0.001430905831641689
I was going to,0.0014305247051989351
"for example , if",0.0014287902711663729
nothing to do with,0.0014221696726504926
what do you think,0.001421667304217113
to do with the,0.0014206142950763084
in the direction of,0.0014192677231526462
why do not you,0.0014171252200127465
can be found in,0.0014116446329920551
is based on the,0.001405891251492456
the way in which,0.001400955692124068
I would like to,0.0013972162748020847
will be able to,0.0013874108288102311
did not have to,0.00138722054624161
as a function of,0.0013704358275116086
as one of the,0.0013654789385337588
"however , it is",0.0013615144377014008
in one of the,0.0013599983515130674
from time to time,0.00135715870692707
the head of the,0.0013567792644008526
but I did not,0.0013435846557266012
in the process of,0.0013419243140216435
a part of the,0.0013314374431380325
the development of the,0.0013158477438434113
not want to be,0.0013154525847628535
in front of her,0.0012990467472535573
it is difficult to,0.001297294351444606
we 're going to,0.0012872626993313536
I 'd like to,0.0012838443487623236
at the bottom of,0.0012835603281731727
the direction of the,0.001281191057606362
it is necessary to,0.0012788335744553067
for the most part,0.0012784541319290892
as a matter of,0.0012773214174055583
the ways in which,0.0012649143203648618
What do you mean,0.0012643608731298759
the course of the,0.0012609733943640144
the part of the,0.0012548703195303418
the two of them,0.001246786958849783
it is clear that,0.001246142580121828
in such a way,0.0012456183207734742
the first time in,0.001243757593000677
that there is no,0.001230317132512101
do not need to,0.001219401424217203
he shook his head,0.0012193357514722807
but it was not,0.0012159185235142748
are you going to,0.0012157579901377982
it can not be,0.001215160199767352
in the field of,0.001212418783645982
it would have been,0.0012106512325882027
what are you doing,0.0012066423886203843
she did not know,0.0012050999210729797
of one of the,0.001204737879017639
which of the following,0.0012016164590645394
do you want to,0.0011967948447151192
on the edge of,0.0011964176474109503
to go to the,0.0011912474623384812
the front of the,0.0011911099424880029
the surface of the,0.0011895315513878201
to the United States,0.0011879217271789568
she shook her head,0.0011832752401493292
took a deep breath,0.0011825814665363044
University of Chicago Press,0.001173078564215503
to the extent that,0.0011655402311872476
not know what to,0.0011587450666570868
are more likely to,0.0011579906720487491
the basis of the,0.0011543219792212974
to get out of,0.0011456093950616116
the history of the,0.0011423280030375474
the form of a,0.0011418121632718761
the power of the,0.001141653313811936
we do not have,0.0011378622563828341
by the fact that,0.0011292972955728453
did not seem to,0.001125374331348387
she was going to,0.0011196636090677115
as well as in,0.001118784043330163
I did not have,0.001118315914533025
turned out to be,0.0011150698847562268
we do not know,0.0011128252240131147
do not have a,0.0011089050663162171
in the development of,0.0011060092911790043
the length of the,0.001102839037646347
that he did not,0.0011025847662493404
"me , and I",0.0010950862859124481
with the help of,0.0010927265575393441
what 's going on,0.001083720971902313
but she did not,0.0010816980268365027
with the exception of,0.0010816301088695318
the context of the,0.0010779389638215938
per cent of the,0.0010727373456404438
did not have a,0.0010724050527772474
"of course , the",0.0010708985087826207
to take care of,0.0010645153424983826
it would be a,0.0010621870472339594
but I can not,0.0010564886736745514
I do not like,0.0010522452040026518
in the light of,0.0010456521094568672
in the history of,0.0010414642090306712
it would not be,0.0010409691375689496
it was not a,0.0010404729434962037
on top of the,0.0010354812535766
of the twentieth century,0.001029436554516192
as soon as the,0.001028800595370919
at the age of,0.0010241687022846076
not know how to,0.0010217433011665816
for the purposes of,0.0010184467538936891
of the fact that,0.0010064050667414062
one of the first,0.0010059487253600231
"other words , the",0.0010009289701648119
in an attempt to,0.0009975268974556342
with regard to the,0.0009971317383750764
"other hand , the",0.0009952064604683813
in the hands of,0.0009938688694329134
the back of his,0.0009935870940658111
should be able to,0.0009912150169714398
to the end of,0.0009862727219369061
would be able to,0.0009836009076990434
in spite of the,0.0009817340055656124
he did not have,0.0009809212351840106
the heart of the,0.00097983286379594
at the heart of,0.0009786928523007512
in the way of,0.0009752778695647938
United States of America,0.0009729585551885653
the presence of the,0.0009723113699330494
on the side of,0.0009721053708100881
of the world 's,0.0009708255942423724
going to have to,0.0009704506421602521
in and out of,0.0009700807418277413
as we have seen,0.0009680914750926603
in the sense that,0.0009637677387325226
could not help but,0.000963712169486819
that is to say,0.000962427341169494
at the expense of,0.0009623459518702314
to one of the,0.0009619917680920609
in a number of,0.0009591818726982078
of the most important,0.000956124441573494
out of the way,0.0009558353692347336
you want me to,0.0009537366479247822
I do not believe,0.0009528121777462613
the New York Times,0.0009524304899979952
I do not care,0.0009512680262823201
and I did not,0.0009502408371950745
the relationship between the,0.0009487129635909859
I 'm not going,0.000947281634534988
as well as to,0.0009449022604689586
most of the time,0.0009448298520578905
in a variety of,0.0009383714708350233
do not think I,0.0009348105486659056
"this case , the",0.0009332910946444992
as part of a,0.000932966660058473
University of California Press,0.0009327606609355118
"see , for example",0.0009321785871194059
what was going on,0.000932027595936636
the face of the,0.0009290465023615754
to ensure that the,0.0009272003685320942
"for instance , the",0.0009252694775702775
did not have the,0.0009252133470190618
at the back of,0.0009226268512190469
be found in the,0.0009173140945464902
that 's what I,0.0009123330694316177
it was as if,0.0009116667997886885
the results of the,0.0009099896189183663
the United States of,0.00090990205525847
in the back of,0.0009071819687465619
on the back of,0.0009064011927791528
the importance of the,0.0009059285735379174
and the United States,0.0009055154526809706
an important role in,0.0009046886496615648
as a means of,0.0009033257998780499
no part of this,0.0009024591441672811
the difference between the,0.0009003413384699164
would not have been,0.0008962550343414205
the quality of the,0.0008947237929042589
that can not be,0.0008940227223195761
that it would be,0.0008914008642722953
I do not see,0.0008895670791640816
as long as the,0.0008888098780281831
it is not a,0.0008885129474122525
it should be noted,0.0008846949473185673
I did not think,0.0008835083474658695
I can not believe,0.0008831086979412144
does not mean that,0.000881995629110609
in the center of,0.0008815050480929847
"him , and he",0.0008807781574547426
did not know how,0.0008805906814136825
the fact that he,0.0008800770868700597
do not know if,0.0008799839101550418
the base of the,0.0008783016775351102
the best way to,0.0008776544922795943
in contrast to the,0.0008772963793628388
in front of me,0.00087716391126197
I do not understand,0.0008757960097288457
but it is not,0.0008756899229870483
the presence of a,0.0008739392110946336
as if it were,0.0008731017432704968
the case of a,0.000872997901750748
over the course of,0.0008720128105769142
the majority of the,0.0008714200719560774
the members of the,0.0008659653049889452
I am going to,0.0008650442026434972
in an effort to,0.0008639025072317718
on behalf of the,0.0008635752661181849
would have to be,0.0008634287653795121
the total number of,0.0008621501114228207
that it is not,0.0008621141878700427
a wide variety of,0.0008604240969729409
it does not matter,0.0008602809640673412
one of the best,0.0008590881898540096
to go back to,0.0008535475431435175
you do not need,0.0008531899915322741
at the level of,0.0008525736780799269
to the development of,0.0008494483289882421
what do you want,0.0008482078438063773
it was time to,0.0008437252579862993
as soon as he,0.0008434305725924174
but there was no,0.0008423635308138088
as soon as I,0.000841554689570792
is going to be,0.0008404595825165756
the use of a,0.0008402159759242999
to look at the,0.0008355678049781359
despite the fact that,0.0008344513683144575
as far as the,0.000831931106564877
as soon as possible,0.0008310195464131356
going to be a,0.0008277269282788284
when it came to,0.0008276264545921525
and at the same,0.0008273957580266563
the Second World War,0.0008251561490331538
is likely to be,0.0008241822839695632
have been able to,0.0008239914400954301
in a state of,0.0008237012451456454
do not have the,0.0008227082956946414
the position of the,0.0008226605847261082
"a result , the",0.0008224399916598309
as if they were,0.0008222598125904287
that it was not,0.000822080756132051
and colleagues published their,0.0008197165373148498
published their study in,0.0008194802276942321
colleagues published their study,0.000819367966591801
there was no way,0.0008165434772546318
as if he were,0.0008157155516242017
the structure of the,0.0008132839761455418
the work of the,0.000813277801784908
to make sure that,0.0008102422615751683
the centre of the,0.0008084808848780227
that there was a,0.0008064983538090876
to deal with the,0.000804949150595537
this is not the,0.0008036020173663626
to be in the,0.0008034734784040789
not have to be,0.0008031136815707868
some of the most,0.0008017991040613175
it was not until,0.000800962758848205
such a way that,0.0008007039970071011
the start of the,0.0007995465850410353
the hands of the,0.0007987253950767511
this is not a,0.0007986524253601708
and the rest of,0.0007983313586072176
in the sense of,0.0007976875411847746
not going to be,0.0007967585805621564
it is easy to,0.0007957454241127147
the meaning of the,0.0007949421959248195
it is possible that,0.0007930534028764145
the level of the,0.0007927811697030188
of the nineteenth century,0.0007927188647911695
referred to as the,0.0007922473681609585
the purpose of the,0.0007921884310821821
all the way to,0.0007908688018231033
but I could not,0.0007893959361592058
I think it 's,0.0007880117567662291
that he was not,0.0007799452352510349
it was not the,0.0007797594431265113
the back of her,0.0007786239220754196
the way to the,0.0007784190455634827
there would be no,0.0007780968561995051
that there was no,0.0007755210252042211
the end of a,0.0007724377740259481
the development of a,0.0007697092679313577
in the area of,0.0007674881820197563
in order to be,0.0007661135448204863
that I did not,0.0007660557303527342
the only way to,0.0007619885106116516
at a time when,0.0007577214661082416
know what to do,0.0007568722108683495
and he did not,0.0007560061164630928
a copy of the,0.0007537025186412044
I would not have,0.0007503717317320706
will not be able,0.0007500809754767738
she did not have,0.0007493630657267262
in response to the,0.0007441114913549946
in the wake of,0.0007428872840329823
the vast majority of,0.0007412628658808027
in the event of,0.000740372074033011
from the perspective of,0.0007392331851488465
it is impossible to,0.0007391327114621706
should be noted that,0.000739061986967639
out of the room,0.0007388806852872125
"the world , and",0.0007387656176572206
the life of the,0.0007372175370546942
in the number of,0.0007361824896902785
of some of the,0.0007354050815559424
it is not the,0.0007346686487239937
"in particular , the",0.0007342173590922203
that you do not,0.000733255842749897
if there is a,0.0007320742946468087
more likely to be,0.0007306676630333456
and one of the,0.0007294047256309945
is part of the,0.0007285869034997833
a bit of a,0.0007266846391190865
there has been a,0.0007247369089919051
but he could not,0.0007246398031383021
the sound of the,0.0007222800747651982
a function of the,0.0007208341517658843
the effect of the,0.0007191827909491213
in the eyes of,0.0007181561631673879
to get rid of,0.0007176296585969856
it is true that,0.0007171867885478945
if he did not,0.0007155023107059143
you are going to,0.0007136359698779955
for more information on,0.0007113043067804994
for a few minutes,0.0007109523682243776
is shown in Figure,0.000709820776311871
in any form or,0.0007092566642721542
but it did not,0.0007091023052563113
and there was a,0.0007075418759325175
that can be used,0.0007056867612148419
may or may not,0.0007050283498490829
it will not be,0.0007044838835022915
"same time , the",0.000704348608873862
it 's going to,0.0007042907944061099
an increase in the,0.0007030531157518059
it had been a,0.0007028319613800164
we are going to,0.0007025485020963776
on either side of,0.0007023200507529301
how do you know,0.0007012333632813961
"in fact , it",0.0007000478860397225
as far as I,0.0006994500956692763
that I do not,0.0006991004023352032
for the development of,0.0006980142761691812
form or by any,0.0006971526722080217
any form or by,0.0006964712473162643
can be seen in,0.0006962085563365754
at the edge of,0.0006939846638974132
do not you think,0.0006931438282402034
one of the few,0.0006922154289230974
that he could not,0.0006918752777827308
the other end of,0.0006912954491886736
in the treatment of,0.0006912196729445326
the sum of the,0.0006906729613756926
the light of the,0.0006903440363455692
not been able to,0.0006902648922683552
and I can not,0.000689580660849037
I do not need,0.0006876536990258054
would not be able,0.0006875790453926886
that 's why I,0.0006854477683630322
in front of a,0.0006849543808178471
the second half of,0.0006838014592958786
up and down the,0.0006836931273320325
did not need to,0.0006830914078230012
the existence of a,0.0006811380646406983
do not know why,0.0006807030528687773
at the start of,0.0006782260116436329
as in the case,0.0006776978231566941
the same as the,0.0006772830183832107
to the point of,0.0006771915255847293
and there is no,0.0006757214664483927
that she did not,0.0006749126252053758
that it was a,0.0006746420759485166
to the top of,0.0006741896637057189
an example of a,0.0006739505475575404
both sides of the,0.0006738540030094496
is the same as,0.0006729312167474651
of a number of,0.0006726640353236789
could not have been,0.0006719141311594384
"to him , and",0.0006710081840628185
I was able to,0.0006709183751808736
review has deemed that,0.0006705726109853855
has deemed that any,0.0006700943786890286
deemed that any suppressed,0.0006696043589769164
in New York City,0.0006691547532616794
the manner in which,0.0006687421937102447
the rest of his,0.0006686782048818589
go back to the,0.0006686697852991766
to be found in,0.0006663021986489025
and the fact that,0.0006654927961003735
that any suppressed content,0.0006639559416080904
that he had been,0.0006639520124695052
any suppressed content does,0.0006638846558080465
suppressed content does not,0.0006636505914094775
does not have to,0.0006634170883164205
content does not materially,0.0006628681315255319
was the first time,0.000662191758383384
the result of the,0.0006621575187471424
Editorial review has deemed,0.0006608519221258675
does not seem to,0.0006602704096152739
for each of the,0.000660069462241922
over and over again,0.0006590052269908742
the fact that it,0.0006586465527686065
the idea of a,0.0006570911751944222
the impact of the,0.0006569065056809229
the degree to which,0.0006567903154399066
all over the world,0.0006565820710948966
a few of the,0.000656051076080397
are a number of,0.0006550861919050008
as shown in Fig,0.0006550384809364677
I had no idea,0.000654791506511119
you 'll have to,0.0006538928563861572
as long as you,0.0006537727370065558
if I do not,0.0006534275341165798
be one of the,0.0006525097996042047
it was the first,0.0006518384782116661
and it was not,0.0006508157795685178
all of a sudden,0.000649963717801065
"her , and she",0.0006488826433846526
to that of the,0.0006487574722554417
the creation of a,0.0006486592437908145
in order to make,0.000647758348443804
is an example of,0.000647179081155259
might be able to,0.0006470247221394161
as if he had,0.0006460845354065547
but she could not,0.0006457645912646259
he was able to,0.0006432521877922155
I will not be,0.0006419987925835711
"this chapter , we",0.0006414975467612157
the remainder of the,0.0006404237693164613
the foot of the,0.0006398905290799131
the location of the,0.000639796791059383
in the Middle East,0.0006393887219520456
I 'll tell you,0.000639296667848052
you will not be,0.0006390390286179723
at the foot of,0.0006381128745229149
page intentionally left blank,0.0006372507092562433
on one of the,0.0006371889656499061
for as long as,0.000637152480791616
This page intentionally left,0.0006363997700998148
out of the car,0.0006356683890174755
but I 'm not,0.0006356038388835775
a matter of fact,0.0006351996989148252
at the head of,0.0006347394283948573
if we do not,0.0006345906824341359
"and , of course",0.0006340086086180301
are likely to be,0.0006331688955718447
in the long run,0.0006330426018316096
or by any means,0.0006327720525747504
it is likely that,0.000632306730305173
he was about to,0.0006322494771429331
the door of the,0.0006319845409411955
not seem to be,0.0006318588085064725
to get to the,0.0006316331636905859
there are a number,0.0006309893462681428
but he was not,0.0006301103418361065
the state of the,0.000628133423822293
be used as a,0.0006271225125949
can be used for,0.0006270068836593959
may be able to,0.0006268177237017993
other end of the,0.0006267312826529273
in a position to,0.0006258444199437208
for the benefit of,0.0006249670994282209
it is hard to,0.0006244798862436695
I want to be,0.0006241161602717923
and there was no,0.0006220707629854958
with the rest of,0.0006211064401156118
the terms of the,0.0006210867944226863
the influence of the,0.0006209010022981627
to return to the,0.0006206691831216422
if you can not,0.0006203178058710326
to take advantage of,0.0006196335744517144
was supposed to be,0.000619599896120985
"however , there is",0.0006194696732421648
for a couple of,0.0006194449757996299
the same way as,0.0006193220498924678
it seems to me,0.0006187584991582632
reserves the right to,0.0006186793550810492
the story of the,0.0006184890725124283
in the United Kingdom,0.0006183279778304395
in view of the,0.0006180686546838234
from the fact that,0.0006172485873305635
and the number of,0.000617207050722664
at the center of,0.0006171453071163268
would you like to,0.0006155169598255621
the corner of the,0.0006145936122580655
has been shown to,0.0006144706863509033
it is to be,0.0006126840509057107
and out of the,0.0006119436889351769
is important to note,0.0006114065195600436
as a consequence of,0.0006106756997832165
I did not mean,0.0006088868191159752
I 've got to,0.0006076317399907943
did not say anything,0.0006063373694797625
he had not been,0.0006062430701537203
the needs of the,0.0006061678552150915
it was one of,0.0006052546111468136
seems to have been,0.0006046933056346576
the rest of us,0.000603662187408827
the first half of,0.0006030677648714537
the First World War,0.0006027141423987954
it must have been,0.0006027107745657225
"said , ' I",0.0006024660453624224
rest of the world,0.0006009449074244797
"to me , and",0.0006006361893927939
but it does not,0.0005995697089196975
why did not you,0.0005986901431821489
in light of the,0.0005986109991049349
as much as possible,0.0005973082090112208
the purpose of this,0.0005970443954205075
one of the main,0.000596783949662867
does not want to,0.0005962860716735847
the scope of the,0.0005956888426086506
it did not matter,0.000595434571211644
does not materially affect,0.0005947632498191054
it was too late,0.0005943400254629398
at the base of,0.0005941458137557338
the first time I,0.0005938848066925813
I 'm sure you,0.0005933044167930119
on the way to,0.0005928340427738252
not materially affect the,0.0005919359539543755
"additional information , contact",0.0005918787007921356
I was not sure,0.0005917815949385327
in the summer of,0.0005912595808122275
can be seen as,0.0005910968022137023
as if she were,0.0005908346725395254
the end of this,0.0005905214640637424
materially affect the overall,0.0005898720335861779
the form of the,0.0005896497566033641
a lot of people,0.0005882201114639026
affect the overall learning,0.0005879512461235799
the overall learning experience,0.0005877564731108618
I could not help,0.0005866288103369403
important to note that,0.0005865350723164102
get out of the,0.0005864261790470521
the fact that they,0.000586303814445402
other parts of the,0.0005852659605534255
as a way of,0.0005847506820932663
the eyes of the,0.0005837088990627048
for the use of,0.0005833187917317563
of the number of,0.0005832497511537611
find a way to,0.0005823449266681655
the right of the,0.0005822753247846582
an integral part of,0.0005815916546708523
for the treatment of,0.0005814855679290548
there is also a,0.0005811830242580026
I can not help,0.0005803000906873812
do not have any,0.0005795456960790435
a deep breath and,0.0005795249277750937
"is , of course",0.0005791505369984857
on the surface of,0.0005786616398973978
through the use of,0.0005785033517429698
we do not want,0.0005783141917853732
is said to be,0.0005777584993283387
that one of the,0.0005776765487235639
from the University of,0.0005768289774002083
anything to do with,0.0005736357103415528
it was hard to,0.0005734168011918119
the creation of the,0.0005729284653962362
the right to remove,0.0005728358499867305
Learning reserves the right,0.0005727864551016607
Cengage Learning reserves the,0.0005722509696430638
do not worry about,0.0005713220090204456
a lot of time,0.0005712961889668864
one side of the,0.0005699232356841528
"the door , and",0.0005697683153627977
the United States in,0.0005692406881813711
you 've got to,0.0005686855570298488
it 's not a,0.0005681309871838386
the shape of the,0.0005681135867129618
by the time the,0.000567963156835704
and the use of,0.0005679014132293668
one or more of,0.0005673558242715512
if I did not,0.0005668949924460711
as much as I,0.0005667821700381277
get out of here,0.0005661091647290526
something to do with,0.0005659256178265777
do not think so,0.0005656646107634251
the date of the,0.0005654030423947604
parts of the world,0.0005652481220734053
the last of the,0.0005650443681724927
in the nineteenth century,0.0005638482261260882
the effects of the,0.0005637786242425808
they do not have,0.0005627497512387989
to be one of,0.0005627244924907519
and she did not,0.0005623809735173124
as a form of,0.0005623630117409234
he would not have,0.0005620677650415293
it had to be,0.0005618157388665712
the point of view,0.0005618090032004254
that it is a,0.0005614463998395726
to the use of,0.0005610809899511591
I ' m not,0.0005607335418391344
the absence of a,0.0005602901104845312
is the result of,0.0005599247005961176
that they do not,0.0005599016870701192
at the very least,0.0005599005644590949
is the number of,0.0005587111580788363
is due to the,0.0005585899160882106
of the Holy Spirit,0.0005585006685117778
it 's hard to,0.0005584568866818297
"in fact , I",0.0005584052465747113
if you have a,0.0005579320660279637
it had not been,0.0005575711465836474
"of course , but",0.0005573000360212761
I do not even,0.000557209665833819
this part of the,0.0005570850560101203
and I could not,0.0005570502550683666
there can be no,0.0005559461671259557
right to remove additional,0.0005557081735888016
in charge of the,0.000555623416456466
"and , in the",0.0005555229427697901
but at the same,0.00055463776397712
"he said , and",0.0005545052958762512
in the living room,0.0005539563390853626
the strength of the,0.0005538951567845376
"for example , when",0.0005535449021449523
out of the house,0.0005530262558517201
"that , in the",0.0005529016460280215
of the University of,0.0005526675816294525
the turn of the,0.0005515528288823105
of the United Nations,0.000551302486623889
in a series of,0.0005510094851465436
as soon as they,0.0005505711055415497
"example , in the",0.0005499295333411553
is not going to,0.0005491145177375048
and some of the,0.0005490421093264367
"me , but I",0.0005485751031403228
when I was a,0.0005483651748787765
is referred to as,0.0005482792951354167
they were going to,0.0005479256726627584
at any time if,0.0005469551754322406
"in general , the",0.0005468765926605388
had nothing to do,0.0005467710672242534
be seen as a,0.0005463029384271153
I do not remember,0.0005458538940173905
it 's time to,0.0005457315294157405
a good deal of,0.0005455328272644372
I 'm so sorry,0.0005450321427475941
in line with the,0.0005448452280120461
if they do not,0.0005447688904623929
the size of a,0.0005446083570859163
at the sight of,0.0005445404391189453
take a look at,0.000544017302381616
second half of the,0.000543452629036387
in the next section,0.0005429626093242748
"however , there are",0.0005400281041067231
the end of his,0.0005399708509444832
the source of the,0.0005397496965726938
as if he was,0.0005389722884383577
I would not be,0.0005376448009021086
the success of the,0.0005373029658452056
is that it is,0.0005371037023883902
by the time I,0.0005368449405472863
any time if subsequent,0.0005367512025267562
time if subsequent rights,0.0005365373451266249
if subsequent rights restrictions,0.0005354798455417228
it is not possible,0.0005352261354502284
from the point of,0.0005351222939304795
do not want you,0.0005343403953520461
he 's going to,0.0005341708810873751
it is important that,0.0005338021033658885
to talk to you,0.0005337796511454023
did not have any,0.0005337263271217474
additional content at any,0.0005334967531672757
rights restrictions require it,0.000533454655253864
remove additional content at,0.0005328888592976107
to remove additional content,0.000532843393551126
to get back to,0.0005327844564723496
I 've got a,0.0005327333776707435
subsequent rights restrictions require,0.0005326065226249963
there is no need,0.0005314805437676112
it has to be,0.0005309501100586238
for a number of,0.0005303725266866152
content at any time,0.0005301844893400429
the performance of the,0.0005301407075100948
does not have a,0.0005297236575145629
in connection with the,0.0005290865757582658
it ' s a,0.0005290792787866077
to come up with,0.0005287975034195054
as well as for,0.0005284085186995813
I did not see,0.000528083522808043
a small number of,0.0005279544225402471
point of view of,0.0005279443190410283
"however , in the",0.0005276440205920248
is related to the,0.0005275918191793943
had no idea what,0.0005275514051825191
that he had not,0.0005273167794784379
"of course , I",0.0005269042199270032
for a few days,0.0005268256371553014
not want to go,0.0005264433881015231
he would not be,0.0005264012901881114
for the time being,0.000525971891471312
do not think that,0.0005253791528504753
the idea of the,0.0005251950446424881
the middle of a,0.0005247925885902723
can be used as,0.0005247392645666174
that he was a,0.0005244097782309818
with a view to,0.000524371048150643
in the words of,0.0005233455429799341
"each other , and",0.0005230907102774152
the only one who,0.0005226208975637406
Journal of the American,0.0005225080751557973
I have no idea,0.0005219591183649086
to the right of,0.0005215241065929877
do you think you,0.0005211738519534023
the application of the,0.0005207248075436775
have the right to,0.0005200630283448456
it was going to,0.0005197964082265715
in the use of,0.0005190448201457946
the result of a,0.000518567710460462
to the back of,0.0005185654652384134
part of this book,0.000518352169143794
if it is not,0.0005174063693558111
to the number of,0.0005168809873964331
he would have to,0.0005165958441962578
by the time he,0.0005158319073942135
to make sense of,0.0005157392919847078
as a way to,0.0005149658129889568
within the context of,0.0005139711796214163
the door to the,0.0005137719161646009
you know what I,0.0005129479196727558
can be contacted at,0.0005121295362360324
of his or her,0.0005115687920293886
to the rest of,0.0005114413756781291
this is one of,0.0005093050468988633
of the nature of,0.0005089727540356669
to be part of,0.0005088896808198678
with the use of,0.0005086657199205176
of the relationship between,0.0005079006605074489
I shook my head,0.0005078961700633517
a change in the,0.0005075026948993303
can also be used,0.0005073157801637824
be obtained by contacting,0.0005072203582267158
By a News Reporter,0.0005069290406659069
Staff News Editor at,0.0005069178145556638
not need to be,0.0005060545266779678
the fact that she,0.0005059838021834361
the body of the,0.0005059136389944166
more information on this,0.0005058721023865171
keep in mind that,0.0005058659280258833
to participate in the,0.0005056060435737551
I 'll have to,0.0005045597700990963
you do not mind,0.0005043212152564299
an important part of,0.0005041612431854655
due to the fact,0.0005041584366579047
in front of them,0.0005041208291885902
it is in the,0.0005039872384766972
you will need to,0.0005039754510609419
the same time as,0.0005038205307395868
the image of the,0.0005035819758969205
the formation of the,0.0005035320197063387
to say that the,0.0005034786956826838
by means of a,0.0005034764504606351
the weight of the,0.0005029897985815959
as soon as she,0.0005028938153390172
I 'm not a,0.0005022432622504284
was the first to,0.0005018486644753828
over a period of,0.0005017425777335853
I can not tell,0.0005013288955711263
during the course of,0.0005005301578273283
no choice but to,0.0005002321046003734
came out of the,0.0005000856038617006
on the use of,0.000500029473310485
the mouth of the,0.0004999677297041478
the whole of the,0.0004999362965954671
he was trying to,0.0004996365594519759
or more of the,0.0004993177379210712
it was in the,0.000499065150440601
can be used in,0.0004989674832814858
he was in the,0.000498709282745894
whether or not the,0.0004982894262228014
not want you to,0.0004981440480951529
"of it , and",0.0004978993188918529
the back of my,0.0004975137020050018
on both sides of,0.0004974974241451492
I thought it was,0.0004974407322884215
there was not a,0.000497258869302483
be taken into account,0.0004966857763745716
did not mean to,0.0004966807246249622
the amount of the,0.0004966144905745278
I can not do,0.0004963422574011322
than that of the,0.0004963209277916702
"him , but he",0.0004960346619804707
out to be a,0.0004960099645379358
I was in the,0.0004953341527012999
under the influence of,0.0004948643399876253
to focus on the,0.0004948576043214795
is not to be,0.0004946993161670514
to the edge of,0.0004946426243103237
this does not mean,0.0004945163305700886
is a matter of,0.0004937501485459956
you want to be,0.0004936564105254656
I did not even,0.0004933796869079726
went back to the,0.0004933723899363146
is the fact that,0.0004929255907486384
he looked at her,0.0004921319047544498
but it 's not,0.0004920836324804044
do not even know,0.0004918102766959845
"In contrast , the",0.0004917238356471124
middle of the night,0.0004914072593382564
the contents of the,0.0004913578644531867
end of the day,0.0004913348509271883
the midst of the,0.0004907965589410307
this means that the,0.000490485034381784
as long as I,0.0004898322360711466
at the other end,0.0004890986097667587
the height of the,0.0004889947682470098
similar to that of,0.000488941444223355
is shown in Fig,0.0004885249555333352
that we do not,0.000488329621215105
but it was a,0.0004881831204764322
one of the two,0.00048777056092499753
the people of the,0.00048772453387300075
the only thing that,0.0004875106764728693
the interests of the,0.0004873826988160977
of this book may,0.00048702851503792726
the question of the,0.00048700213367885596
in order to avoid,0.0004867153065621442
on the top of,0.0004863482127571942
a quote from the,0.0004863089213713433
a long time ago,0.00048603612689243544
to the other side,0.0004859777511191712
he or she is,0.0004849348454775853
as we shall see,0.00048477262818457224
a few minutes later,0.0004844998337056644
had a chance to,0.00048399016830062675
either side of the,0.00048392505686121665
information may be obtained,0.0004832385802198498
that it was the,0.0004825178639422415
a couple of days,0.0004822866060712332
and I 'm not,0.0004822130750491408
I want to know,0.00048184878777175153
that he would not,0.00048125212001232966
in this case the,0.0004803888321346337
if she did not,0.00048015196120850385
to be the most,0.00047944022581909
According to the news,0.00047939026962850816
that she was not,0.00047880426667381724
this book may be,0.000478781814453331
additional information may be,0.0004787666592045028
that I could not,0.00047871782562494523
the first part of,0.00047747284999898314
be seen in the,0.00047724720518309646
the need for a,0.0004772140881578792
information on this research,0.0004768879696553166
there will be no,0.0004768368908537104
that it is the,0.00047682341952141866
that additional information may,0.00047682117429937
"one hand , and",0.00047681724516078494
on this research see,0.00047678805727415283
report that additional information,0.00047668309314337966
that 's what you,0.0004766746735606973
it could not be,0.00047661180734333584
"for instance , in",0.0004765831807622159
and it is not,0.0004765377150157312
quote from the research,0.0004763367676423794
on the verge of,0.00047621889348482664
obtained a quote from,0.0004761526594343922
an understanding of the,0.00047599886172406146
if and only if,0.00047566600755535296
has to do with,0.00047566263972228
a portion of the,0.0004753449408023997
this is not to,0.0004751496064841694
for most of the,0.000474863901978482
in the opposite direction,0.000474615804942109
was the one who,0.0004729846511237836
do not think it,0.0004727842650559439
at the hands of,0.00047243906216596796
